approach,bias,rmse
ignore_problem,-0.26819285270507065,0.6819278536628504
tobit_regression,0.09452950396873515,0.6634858113376098
