approach,bias,rmse
baseline,0.03504557907581329,0.8215605616569519
ignore_problem,-0.8337789714992829,1.086243339546736
availability_covariate,-0.07583009253036212,0.6196468437700318
availability_weight,-0.07778689066770252,0.6291864541189308
imputed_with_baseline,0.031067885378377867,0.6546302862500161
imputed_with_ffill,0.015114673529656985,0.6248270038509134
